{
  "configurations": [
    {
      "name": "x64-Debug",
      "generator": "Ninja",
      "configurationType": "Debug",
      "buildRoot": "${workspaceRoot}\\build\\${name}",
      "installRoot": "${env.USERPROFILE}\\CMakeBuilds\\${workspaceHash}\\install\\${name}",
      "inheritEnvironments": [ "msvc_x64" ],
      "intelliSenseMode": "windows-msvc-x64",
      "enableClangTidyCodeAnalysis": true,
      "variables": [
        {
          "name": "DISCORD_INTEGRATION",
          "value": "True",
          "type": "BOOL"
        }
      ]
    },
    {
      "name": "x64-Debug-Translations",
      "generator": "Ninja",
      "configurationType": "Debug",
      "buildRoot": "${workspaceRoot}\\build\\${name}",
      "installRoot": "${env.USERPROFILE}\\CMakeBuilds\\${workspaceHash}\\install\\${name}",
      "inheritEnvironments": [ "msvc_x64" ],
      "intelliSenseMode": "windows-msvc-x64",
      "enableClangTidyCodeAnalysis": true,
      "variables": [
        {
          "name": "DISCORD_INTEGRATION",
          "value": "True",
          "type": "BOOL"
        },
        {
          "name": "USE_GETTEXT_FROM_VCPKG",
          "value": "True",
          "type": "BOOL"
        }
      ]
    },
    {
      "name": "x64-Debug-SDL1",
      "generator": "Ninja",
      "configurationType": "Debug",
      "buildRoot": "${workspaceRoot}\\build\\${name}",
      "installRoot": "${env.USERPROFILE}\\CMakeBuilds\\${workspaceHash}\\install\\${name}",
      "inheritEnvironments": [ "msvc_x64" ],
      "intelliSenseMode": "windows-msvc-x64",
      "cmakeCommandArgs": "-DUSE_SDL1=ON",
      "enableClangTidyCodeAnalysis": true,
      "variables": [
        {
          "name": "DISCORD_INTEGRATION",
          "value": "True",
          "type": "BOOL"
        }
      ]
    },
    {
      "name": "x64-Release",
      "generator": "Ninja",
      "configurationType": "Release",
      "buildRoot": "${workspaceRoot}\\build\\${name}",
      "installRoot": "${env.USERPROFILE}\\CMakeBuilds\\${workspaceHash}\\install\\${name}",
      "cmakeCommandArgs": "-DCPACK=ON",
      "inheritEnvironments": [ "msvc_x64" ],
      "intelliSenseMode": "windows-msvc-x64",
      "enableClangTidyCodeAnalysis": true,
      "variables": [
        {
          "name": "DISCORD_INTEGRATION",
          "value": "True",
          "type": "BOOL"
        }
      ]
    },
    {
      "name": "x86-Debug",
      "generator": "Ninja",
      "configurationType": "Debug",
      "buildRoot": "${workspaceRoot}\\build\\${name}",
      "installRoot": "${env.USERPROFILE}\\CMakeBuilds\\${workspaceHash}\\install\\${name}",
      "inheritEnvironments": [ "msvc_x86" ],
      "intelliSenseMode": "windows-msvc-x86",
      "enableClangTidyCodeAnalysis": true,
      "variables": [
        {
          "name": "DISCORD_INTEGRATION",
          "value": "True",
          "type": "BOOL"
        }
      ]
    },
    {
      "name": "x86-Release",
      "generator": "Ninja",
      "configurationType": "Release",
      "buildRoot": "${workspaceRoot}\\build\\${name}",
      "installRoot": "${env.USERPROFILE}\\CMakeBuilds\\${workspaceHash}\\install\\${name}",
      "cmakeCommandArgs": "-DCPACK=ON",
      "inheritEnvironments": [ "msvc_x86" ],
      "intelliSenseMode": "windows-msvc-x86",
      "enableClangTidyCodeAnalysis": true,
      "variables": [
        {
          "name": "DISCORD_INTEGRATION",
          "value": "True",
          "type": "BOOL"
        }
      ]
    },
    {
      "name": "x64-Debug-WSL-GCC",
      "generator": "Ninja",
      "configurationType": "Debug",
      "buildRoot": "${workspaceRoot}\\build\\${name}",
      "installRoot": "${env.USERPROFILE}\\CMakeBuilds\\${workspaceHash}\\install\\${name}",
      "cmakeExecutable": "cmake",
      "cmakeCommandArgs": "",
      "buildCommandArgs": "",
      "ctestCommandArgs": "",
      "inheritEnvironments": [ "linux_x64" ],
      "wslPath": "${defaultWSLPath}",
      "variables": [
        {
          "name": "DISCORD_INTEGRATION",
          "value": "True",
          "type": "BOOL"
        }
      ]
    }
  ]
}
